2/10/2019 20:09:27,I've been fantasizing about my Chem 1b TA a lot recently. How do I proceed?
2/11/2019 4:16:57,"I should really elaborate on this but it would be a lot, and I would prefer to do it not anonymously, but Caltech student government is really out of touch with students and it's pretty sad."
2/11/2019 11:46:07,My PE is my favorite class of the term and also the only one I consistently go to. I should have been a PE major.
2/11/2019 11:50:03,"i've been getting through my classes through sheer dumb luck, but it feels like i still havent really learned how to study properly and now that theyre getting harder im afraid to look for help in case people ask why i haven't started my work yet. but i just dont know where to even start from!"
2/21/2019 6:08:28,What's the diff between fundamental rights vs human rights? And which of these are underrepresented minorities lacking?
2/21/2019 9:58:12,Do I like him or is he just good at physics?
2/21/2019 19:19:00,Caltech made me lose interest in every subject. What am I gonna do
2/21/2019 19:21:42,The plastic to-go boxes that hameetman has are super wasteful and the trash cans are always full of them. I wish they had a more environmentally friendly option.
2/21/2019 19:30:54,"why did they change the OS on the library computers? there used to be absolutely nothing wrong with them - they worked smoothly and reliably without hiccups. don't fix what ain't broke, right? nah, they changed it and now a bunch of random little stuff doesn't work. it's a rarity to have both monitors working, some don't connect to the printers, you can't stay signed in on chrome (and chrome blocks cookies by default so you can't even sign in at all), the new adobe reader doesn't let you edit pdfs, etc."
2/21/2019 19:50:12,"Why doesn't every class utilize some method of showing us what our grades are throughout the term and how final grades are calculated? Also I'm sure that, especially in large classes, errors in gradekeeping are hard to avoid completely, so why can't there be a way for us to verify that the records are correct? Since all we get in the end is a single letter grade, I'm often left wondering how accurately it actually reflects my work."
2/21/2019 20:16:45,"If I had to honestly write an extension request, it would look something like: ""Hi, I want to kill myself about 200% more than usual, can I have an extension?"" How do you do school + depression honestly??"
2/22/2019 1:13:42,"It really is quite impressive how slow the service at red door manages to be. Heck, I'm sure even a trained monkey can pour soup into a bowl in under 20 minutes."
2/22/2019 4:07:50,"In my experience, whenever guys have busy lives they expect you to be the most fucking empathetic, accommodating doormat in the world but when you have shit to do it can probably be done later right since when are you busy can women even have goals"
2/22/2019 14:11:23,I kinda want to do paramedicine as a job but it pays so abysmally.
2/22/2019 14:17:42,Some of you have never done a set alone and it really shows
2/22/2019 14:46:20,Can new Red Door have separate lines for food and drinks/c-store stuff? I miss being able to casually drop in to grab a smoothie
2/22/2019 15:34:45,"I'm drowning in emails :( yesterday, i took the day 'off' (just offline) and I got 40+ new emails. i'm already unsubscribed to spam lists"
2/14/2019 2:12:34,"Everyone at this school thinks they are memers, but tbh yâ€™all r normie af. People here still use old formats unironically. The only time old formats are ever usable is if they are in the context of something that normally isnâ€™t able to be memed. The worst part is some people here legit think that Facebook, Instagram, and the maybe ok reddit are good places to get memes. All of you are normies, deal with it"
2/14/2019 7:02:36,"TA here - what is it with Caltech undergrads never coming to class? I am sick of students coming to my office hours for help on their problem sets when they have never attended a single class. Not one! I honestly donâ€™t think I should even bother helping them if theyâ€™re not going to try, but neither myself nor the professor have the guts to call these students out..."
2/14/2019 11:54:58,"â€œMandatory room cleaningâ€ just broke something I was super sentimentaly attatched to that cannot be replaced. Fuck off housing, my room is my room and I donâ€™t need your help cleaning it"
2/14/2019 14:10:25,"I failed last term, and this school kicked me out, literally onto the streets, so now Iâ€™m homeless."
2/14/2019 17:35:18,when tech gonna teach us real useful stuff like learning how to make love potions
2/14/2019 20:05:03,I would appreciate advice regarding the logistics of being in a relationship with someone who lives in a double while you yourself live in a double.
2/14/2019 21:20:53,Everytime I get depressed a lonely I find myself singing the mash theme song to myself. It really doent help and just makes me more depressed.
2/15/2019 1:28:12,"Holy fuck am i mentally damaged goods, not sure if it is because of what I have been through, or if i went through it all becauae i was always damaged. Never able to have normal relationships"
2/15/2019 12:43:34,"If Bayes is bae, is it bae's rule?"
2/15/2019 12:47:41,"I have no problems making friends with women, and I'm told that I'm attractive, but I can't get a date and it makes me feel like something is wrong with me."
2/15/2019 13:08:32,I only make female friends for eye candy. All my female friends are decently attractive... or at least attractive for caltech standards.
2/15/2019 18:08:08,"I wish Facebook had a thumbs down react. Sometimes I really hate a comment, but I'm not emotionally invested enough in the situation for the anger react."
2/15/2019 23:10:32,I am so exhausted. I feel like I have no one I can actually talk to about my problems because every aspect of my life is falling apart and all of my friends are involved in some part of that. Even hanging out with my closest friends feels like a burden. I just want all of my life to stop feeling like one big burden.
2/16/2019 0:43:07,"I asked this person to do stuff twice already and they still haven't done it. It doesn't take long either... maybe 20 minutes at most
person even told me that they'll have it done (that day)
it's been 2 days
if person doesn't do it asap i'll have to do it...
i get so annoyed when i see them around having fun for hours on end instead of helping (so at least they aren't busy....????? maybe im missing something and they are actually swamped?)
help how do i stop being so salty
do i just do the thing instead of relying on others
is it really normal to remind someone of things so many times i feel like i wronged them but I can't help these negative emotions
h a l p
thanks for reading"
2/11/2019 23:24:09,"One of my friends tripled the score that I got on a midterm, and it has me so shocked that I don't feel any of the frustrations or sadness that usually accompany me when I don't do well on a test. Upperclassmen continuously bring up how this school broke them or left them demoralized for their academic futures, and i'm scared that i'm starting to become the same way. I don't want to view school and the classes I take the same way as them because I can hear how miserable this school has made them, but the words they used to describe their pain are starting to become the same words I hear in my head. I used to view learning extremely positively and was set on grad school, but my own failures and shifting mindset have me strongly reconsidering."
2/11/2019 23:24:30,I broke up with someone months ago and now regret it. How can i start talking to them again without fucking it up again or making them more mad at me
2/11/2019 23:51:40,So like real talk the rate of berry stealing is about to skyrocket right?
2/12/2019 2:07:21,"I don't do house things cuz severe anxiety be hitting but during house dinners I can hear everyone hitting the table from my room and I join in. It's super pathetic but it helps me feel like I belong in my house, even though my anxiety prevents me from socializing a lot."
2/12/2019 2:10:56,"Impostor syndrome is the worst. My brain oscillates from ""You're not even a real [member of booty house,] you barely know anyone cuz you don't go to house events"" to ""You can't go to [house event of any size] and meet people, you're not even a real [member of booty house]"" and it really fucking sucks cuz I just never leave my room."
2/12/2019 2:25:32,"how common is it here for people to barely talk to their roommates? my roommate and I don't dislike each other (at least I don't dislike them and idt they dislike me), but we just never talk. we just ignore each other for the most part, but I find this really awkward because I'm very much aware of their presence most of the time."
2/12/2019 2:34:15,"One time my friend and I decided not to do a set and instead go on a live video chat website to talk to strangers. I think we ended up dropping the class together, but at least we befriended a 12-year-old Filipino from across the world who sung and danced for us. We legit thought about bringing him to the US and showing him around. Lol"
2/11/2019 14:17:11,"Someone called security because I was on a small path behind a hedge, talking to my parents in one of the closest things this campus has in an out-of-the-way, private spot. Apparently I â€œlooked suspiciousâ€ and â€œwas in the bushesâ€ enough for three security guards to show up, although once they saw what was going on the situation became a non-issue.

How is standing in the shade on a sunny day at 1 PM--clearly on the phone and clearly the age of a Caltech student--supposed to be threatening? I don't get it"
2/11/2019 15:44:20,"I dissociated in the shower (again) but this time it was for almost three hours and not only did I miss class, but I also got no work done, AND monopolized the shower."
2/11/2019 17:09:06,"Almost everyone here seems to have some tragic love story lmao
INCLUDING ME :(("
2/11/2019 18:42:04,I am a CS major but too dumb to pass coding interviews. I will amount to nothing
2/11/2019 18:43:21,Handpicking my nipple hair brings me more satisfaction than turning in a set on time.
2/11/2019 18:54:19,I kinda wish I was somewhere else so I could spend more time with whatever girlfriend I could find there instead of just studying all the time here but at the same time Im pretty sure I wouldn't be able to get one anywhere else
2/11/2019 19:05:34,Ok as a grad student I know I'm old and out of the loop but what the fuck is CRC'd and what in hell does it have to do with some got damn berries? Thnx â¤ï¸ðŸ“
2/10/2019 16:16:28,Am I the only one who gets FOMO but for classes? I don't want to miss out on the feeling of understanding new material for another year...
2/10/2019 17:42:04,"(CW for suicide mention) I'm at the point where I wouldn't kill myself because I'm too much of a weakling to even think about being in that much pain, but I really wish that I had when I was always actively planning on it in high school. At least that way I wouldn't keep being a fucking waste of food, space, money, and other people's time. I don't even know why I bother getting extensions, or at least tryjng to get extensions, on things, honestly, I'm a failure of a human being and my grades should really reflect that, but instead I've never gotten anything below a B- in my life, so everyone thinks I'm doing absolutely dandy!

I mean, I still could, in theory, do it, but I don't really care enough to. I guess it's ironic to not care enough about anything to the point that you can't even be bothered to off yourself because that would be effort that you don't have, but ah well. Who fucking cares."
2/9/2019 11:52:43,Every time I see another student wearing airpods I want to have them take them out and then yell at them how them continuing to buy pointless Apple products (AKA not their computers) is just encouraging the company to make more shit that is planned for obsolescence and is absurdly expensive for no goddamn reason
2/9/2019 16:07:44,"I graduated last year. I have done a decent job keeping up with my friends since then, and still consider them some of my best. However, there were a few times in the last couple years of tech when the workload got very stressful. Words were said and actions were taken that we have long since pushed down and (I think) repressed. I hope it hasn't taken a toll on their attitudes toward our friendship, but I feel like it's too awkward to bring up now and ask if it is ever something they think about. I'm sorry fellas, much love."
2/9/2019 20:03:20,"So... that state of the Union address. Trump made all of these statements about how unemployment is down, how minority unemployment has hit an all-time low, how people with disabilities are working... and Democrat Congressmen aren't clapping for this? Sure, I never expected it to turn out positively, but these ARE good results, right? Were people not clapping just because Trump was the one who said it? Even if he has flaws elsewhere, shouldn't you offer praise when something good happens to encourage it? At the very least it offers credibility when trying to work a compromise. But these people seem so petty, and I feel so disillusioned... It really feels like some people would prefer to see the US crash and burn just to spite Trump rather than see the US do well because ""an enemy"" would be sharing some credit."
2/9/2019 21:41:07,You're a loser if you program in C++; it's all about Rust!
2/7/2019 11:34:18,Is there a reason chandler started serving udon with fried tofu and non-fried veggies? I really liked the fried veggies and normal tofu they used to serve.
2/7/2019 13:46:14,There are way too many posts in the Caltech alumni page from current students from edgy Hovse(s). It's the alumni group. Fuck off until you graduate.
2/4/2019 19:41:30,Walking 2 miles to and from Del Mar Metro station in the pouring rain through ankle deep puddles two times in a day was a mistake but at least I broke my step record.
2/4/2019 20:58:40,"How the hell do you tell someone to stop being a gigantic fucking asshole when you're not at all close to them and you're worried about coming off as an asshole to them? Someone in my year in Booty House is just a generally unpleasant person to be around, but the ways in which they're unpleasant are COMPLETELY fixable if someone just told them. The problem is that they constantly act like a pariah when people even disagree with them, so telling them feels pretty fucking impossible too.

I don't know how to fix this at all. I just constantly get stressed out just being around this person because of their assholery, but I also really don't want to call them out on their shitty behavior in case they try to retaliate somehow. (I almost left them an anonymous note our frosh year telling them to stop being such an asshole, but I'm glad in retrospect that I didn't because that sounds like a shitty thing to do too.)"
2/4/2019 23:20:26,Oh my god. How hard is it to walk across the street to smoke weed instead of blowing your smoke into our air uptake all the freaking time? It's just really disrespectful. You should be ashamed of yourself.
2/4/2019 23:31:11,"Iâ€™ve reached peak senioritis. Iâ€™ve been skipping a morning class (and losing out on a 10% participation grade), because otherwise Iâ€™d have to wait in the 12:00pm Chandler lines to get lunch.  "
2/5/2019 1:47:02,It legitimately should be an honor code violation for 9 unit classes to have sets that easily take 15+ hours to do. At least make it 18 units if thatâ€™s how long it takes us to suffer through this useless crap every week.
2/5/2019 2:53:33,"What's with all the girls dyeing their hair red in the same manner? Could you not possibly be more creative with regards to your hair? It makes telling people apart, especially without glasses, quite difficult as they are all one and the same to someone with poor vision."
2/5/2019 3:04:39,"I am learning that statistics is a very rich subject, but I am a poor lad"
2/5/2019 6:20:17,"I'm a senior and I failed a core class third term that I never found the room in my schedule to take in previous years, meaning that I have to take it next term. I really do wanna do well in this class, considering it's p much my last chance to take it, which means attending class, recs, checking homework with others, etc. However, all of those things require interacting with frosh or frosh in some way knowing that I am in this class, and I am afraid of doing so for then they will know that I failed this course - especially such an easy core class. How do I get around that? "
2/4/2019 0:01:39,"People are just fucked up sometimes. They do seem to get kind intentions. It would be ok to explain that help is unnecessary, but they push you away, fuck you over, and make it your fault. Iâ€™m honestly disappointed and donâ€™t wanna see this kind of shit happen to my friends anymore. "
2/4/2019 10:19:26,I have a gleeful feeling of schadenfreude at all the football fans who were disappointed by the Super Bowl.
2/4/2019 11:13:52,It seems like the counseling center is offering more workshops in dealing with procrastination and avoidance and dealing with your emotions. It seems like they're really tailoring what they provide to student needs and I think it's really awesome! Shoutout to them!
2/4/2019 12:50:38,people with umbrellas: please stop taking up the entire sidewalk and then walking at 1 mph. no one likes to get rained on
2/3/2019 1:27:34,"(this is barely even anonymous, but whatever I'm Annoyed)

To the non-[house] person who looked at my door white board, noticed my classes, and went 'he's taking so much physics,' assuming that I used he/him based on just my name (? it's literally not a gendered name but that's what I'm assuming):

My pronouns are they/them. Which is indicated...on my whiteboard. Which I know you looked at because you commented on something else written on said whiteboard. Please learn to read jesus christ my pronouns are RIGHT THERE"
2/3/2019 6:28:54,I heard a professor either bumping uglies or touching himself to the devil's entertainment in his office
2/3/2019 12:34:55,"Having graduated and left Caltech, it has become clear to me that our multidisciplinary education was superb. Compared to people I have met from other universities, I often know equally as much about their subject of study, even though my major was completely different. Additionally, they didn't have any coding/hand-on experience and I had a ton (my major wasn't CS btw)"
2/1/2019 15:34:24,"Iâ€™m considering breaking up with my boyfriend, what is the best way to do this? We havenâ€™t been dating for very long."
2/1/2019 18:53:35,i love my boyfriend!!
2/1/2019 19:05:16,"Iâ€™m not on board, but I donâ€™t have money for food, so Iâ€™ve been taking a little bit of food from open kitchen, and especially house dinners, since I assume the leftovers from that are just getting thrown away. Is that actually true, and should I feel bad about stealing food?"
2/1/2019 23:46:44,"When I first got to Caltech as a new grad student, I figured the undergrads here would be so much smarter than the people at the non-coast state school where I went. When I first started interacting with them, it became clear that they thought they were smarter than people at other schools, too. But now that I've seen them work, think, and solve problems, they're just... not."
2/2/2019 0:25:30,"I think I'm sexually attracted to math textbooks. When i see a juicy one pointing at me from across the room, I am forced by my body to venture towards it, touch it, inhale it scents, flitter my tongue up and down its bussy. There's not a pleasure like it in the world. "
2/2/2019 14:06:25,Can some alumni or the seniors donate some money to getting less shitty wifi. I feel like this is a number one priority
1/31/2019 14:14:00,"There's a friend in my hovse who I think might be into me, which is flattering because I'm a guy and she's attractive, but I don't want to be in a relationship with anyone right now and I also don't want to make things weird (I think I already have a little by noticing and not acting on it). What should I do, if anything?"
1/31/2019 15:21:33,Can someone PLEASE connect all the SFL computers to the SFL printers
2/1/2019 0:56:48,The frosh in The Residence don't seem to care about the House System too much. Someone please go and fix this.
2/1/2019 1:16:23,"I'm a junior with a lot of senior friends and they have been applying to and getting decisions from grad schools recently and it kinda reminds me of my situation. I want to go to grad school, but then I remember my late frosh/early sophomore grades and it makes me feel bad. I had pretty shitty grades then (think multiple classes a term with low Bs and lower - the only classes I had As in were hums) and even failed one. And I know this really is no excuse, but it was because I was going through some pretty bad depression, and it was really hard to get out of that rut for some time. But I did eventually get out! I have grades I am satisfied with now. However, that period of time still haunts me. What do I do? I know I could always try to explain why that happened, but I am afraid if I talk about depression, they will be afraid I will get another episode and not take the risk with me. Any advice would be appreciated. "
2/1/2019 1:24:45,"My least favorite thing in the world is when you're overloading on classes and none of those classes have built-in extensions, but the homework policy is basically 'you can't get an extension unless you are actually on the verge of death from a physical illness.' Result: all-nighters twice a week, at least. (I can't avoid overloading if I want to graduate on time, which I basically have to for family reasons, so don't bother suggesting that - I'd love to drop a class, but it's impossible.)"
2/1/2019 1:33:50,"The password to my phone is 35827. If you can unlock before February 14th at noon, you get to receive all the gifts I bought for my SO before we broke up. Good luck figuring out who I am. Clock is ticking. (First come first serve)"
2/1/2019 7:45:06,I'm thinking of starting a furry interest club or at least somewhere online like a Telegram group that fellow minded people can share FA usernames and maybe go to nearby cons like Further Confusion together! Is anyone interested in that?
1/29/2019 22:34:37,"The next interhouse better play some XXX, Uzi, Juice, Sheck, Nahmir, and Drake. I hate feeling like I entered a fucking time machine back to 2004 every party.

Long live prince X. "
1/29/2019 22:45:43,"Yall gotta play better music at parties... I'm tryna hear some hard shit bruh. Why can't we be a normal school. Just play xo Tour, mo bamba, rubbin off the paint, look at me, and im sipping tea in yo hood and everything will be better i promise"
1/29/2019 23:08:59,"me: starts talking to a guy i hadn't talked to before, he's really cool

my dumbass brain, for no reason: boyfriend? make him boyfriend now? Boy?
"
1/29/2019 23:56:33,"I'm really glad that I'm at the point in my frosh year that I have a pretty good understanding of all the people around me. I can see everything that's cool about them as well as their shortcomings. Now I can actually talk to people about the flaws or good qualities in others. I know its probably wrong that I'm talking about people behind their backs and roasting them or finding stuff out about them, but its actually really fun.

tl;dr I can now gossip about people and its really fun."
1/30/2019 3:19:26,I'm on my period and I had a pretty vivid dream about breastfeeding a baby the other day. It was strange because no one has sucked my nipples before so I don't know how I was imagining the sensation.
1/30/2019 13:36:15,"At this point, I donâ€™t even think Iâ€™d notice an earthquake because all of Bechtel seems to shake any time any door in the building shuts"
1/28/2019 23:16:56,I've never tried just being cruel and mean to people and i kinda wonder what it would feel like if instead of fighting the urge to be awful i embraced it
1/29/2019 9:44:19,Sometimes I go online under a made-up identity and talk to people about the actual me. Sometimes I can even feel genuine compassion for myself.
1/29/2019 9:48:15,"I'm scared that if I'm ever well-known in my field, someone is going to dig through everything I've said online and try to ruin me over some offhand comment from 10 years ago. It would really serve me right, because I've supported that kind of thing against others in the past. It's an awful game and thinking about it makes me sick to my stomach."
1/29/2019 10:29:18,I hate being a guy but I don't feel like I have the right to call myself a woman. How can I tell what I really am deep down inside? Is that even a coherent concept?
1/29/2019 12:26:45,No-Nut November? Try No-Nut-The-Entirety-of-Fall-Term because you live in a double and there are no other non-communal spaces. I donâ€™t remember having a wet dream before this.
1/29/2019 18:05:49,"Hey Assohole,

Instead of calling everyone who doesnâ€™t like you â€œmanipulativeâ€, â€œabusiveâ€, or â€œa predatorâ€, how about you grow up? Youâ€™re literally just repeating the same things people say about you, and youâ€™re diluting the impact of those words when they actually apply. Instead of trying to slander everyone who realizes youâ€™re a being a piece of shit, try not being a piece of shit.

Looking forward to when you do this to me too,
Peace"
1/29/2019 18:32:55,"I seem to have lost all motivation and passion for most if not everything in life. I don't want to work, don't want to socialize with people, don't want to do anything, and don't want to care. As much as a part of me knows that I'm drowning in the deep desperate swamp and probably shouldn't linger here for too long, it seems like I've lost the courage to fight back. I just want to vanish - go to somewhere where no one knows me and cut off contacts with everyone I know and just reset myself somehow. "
1/27/2019 23:13:52,"If you blaze/smoke in Dabney House backyard, you WILL get super soaked (if I'm awake). Yes, I will keep submitting this every n times I notice."
1/27/2019 23:29:19,"i don't hang around my house because their only conversation ability is rehashing very old, very dead, very stale memes"
1/28/2019 1:28:12,"one time i was using the bathroom in alley [redacted] and heard a strange noise coming from the stall next to me. after listening for a little bit i realized it sounded a bit like someone cranking their hog. i was mortified on their behalf, but didn't want to alert them to my knowledge of their situation because it'd be awkward. i wasn't done pooping so i just sat, in silence, with the exception of a light fap fap fapping upon yonder boar. in my time as a silent prisoner to their base desires, i heard the toilet next to me flush not once, but twice. i though i had escaped this hellscape, as my neighbor sounded like they had stood up (and flushed twice!!). however, my already-ruined innocence was debased once again as they commenced jerkin the gherkin. two more flushes later and i was again convinced that i would be free from this prison, but alas i was a fool! i thought to myself, ""who has time for repeated masturbation and flushing, especially during winter term, in this economy??"" i left, 28 minutes after first noticing sounds of self-pleasure, unable to stand being in proximity to such decadent behaviour.

public service announcement: if you are going to masturbate in a public bathroom, please do so quietly so as not to torment your neighbors as i have been"
1/28/2019 2:52:02,The worst is when whiny caltech confessions sound like something you posted and people think ur posting for their benefit
1/25/2019 3:05:50,The Sac needs more gloryholes
1/25/2019 3:35:34,Why does caltech WiFi suck so fucking bad weâ€™re a god damn tech school like Jesus Christ get your shit together caltech
1/25/2019 11:59:47,"> misspelling a SINGLE word in nanodb terminal: craete
> trying to copy and paste the old command to revise it, tryying to upkey to recall the command
CMD> nanodb: you want to CRAETE a table? huh, you piece of shit? is that what you want to do? moron^[[D^[[D^[[D^[[D^[[D^[[D^[[A^[[B^[[D"
1/25/2019 23:20:53,"Iâ€™ve made a new yearâ€™s resolution to put myself out there and stab more people. If youâ€™re willing to help me out in this endeavor, Iâ€™ll be walking around with a sword this Friday, February 1st, looking for people dressed in knightsâ€™ armor, full fencing gear, and/or a military uniform. "
1/25/2019 23:51:41,"Iâ€™ve been really sad and ended up self  isolating myself. During this time, none of my so called friends bothered reaching out to me. I wish we still talked but now I know how little our friendship meant to them. I donâ€™t want to put in energy into reaching out to these friendships because I know now how one sided and unreliable they are. I wish I could move on. "
1/26/2019 16:53:22,"for caltech's reputation as being research oriented, are there even any cs majors in the current graduating class who are going to graduate school??? "
1/26/2019 20:23:01,"Iâ€™ve been struggling with a lack of connection with my friends here at Caltech. I have a decently large group of close friends, and I enjoyed being around them all of frosh year, but lately Iâ€™ve felt as though I donâ€™t connect with them on a deeper level. I often want to talk about things outside of Caltech -- relationships, social/global issues, opinions, long-term goals, books, etc. -- but my friends arenâ€™t into that and prefer to discuss sets most of the time. Iâ€™ve found that for a friendship to seem real to me, we have to show some vulnerabilities around each other or trust each other with some slightly personal information (not just things like Iâ€™m worried about how a final went), and I donâ€™t feel that with my friends. I get almost no enjoyment being around them because all the conversation feels superficial -- discussions about sets and other goings on at Caltech for the most part.

They are truly kind, wonderful people, but I just donâ€™t feel that I can have a true friendship with them when I feel like we canâ€™t discuss personal issues or thoughts with each other. I feel more alone when I am surrounded by my friends than when Iâ€™m physically alone. I think this may partially have to do with a lack of shared interests. I expect that I would have a great time in grad school connecting with people who have similar interests, but I donâ€™t want to feel alone during the rest of college or as though I didnâ€™t make any lasting friendships in college. Has anyone had similar experiences at Caltech or have any advice? I expect that I should go out and make new friends, and I have a bit, but itâ€™s also somewhat difficult when youâ€™re not a frosh and most people have established their social circles already. "
1/27/2019 0:13:04,"I know it's probably too early to start complaining about SURFs but there's one which I'm basically locked in for....if they have funding, which even they won't know for another week after I'm sending this in. I keep applying to other places anyway, and obviously I'm telling those other places that I have another opportunity I'm waiting to hear back from, it's just really frustrating to perpetually be in-limbo like this."
1/27/2019 3:01:17,"I agree with the people who say the tech editors should be impeached. Caltech students collectively took a joke too far and replaced the real editors who dedicated much of their Caltech career to the newspaper with people who admitted they weren't even trying to win and now the newspaper is just filled with low quality content. Why are the editors even elected when stuff like yearbook isn't, idk. My biggest concern is that the election led to all the old staff not working for the tech anymore and so now the current staff are really overworked and the quality of the tech is really suffering as a result. I get that most people don't really think about shit like this but I'm sure some of however much you pay in dues to ascit goes to printing a bunch of papers that mostly get tossed in the trash anyway, we should at least exercise some control over the quality. None of this is intended to be personal to anyone but I just hope the Tech improves somehow."
1/27/2019 3:51:19,"The school tries to make a big deal of the honor code, but the fact that they're so lenient on people who have been caught cheating kind of defeats the purpose."
1/27/2019 3:55:00,I'm a frosh and at this point I just feel like I should wait until I graduate to find a significant other cause it's really pointless.
1/27/2019 10:38:04,"I know that I should just be grateful because it's free, but I can't help wondering why 5/8 of the 3D printers are out of service at any given time. I feel like the people who paid for those printers would want them to be serviced in a timely fashion"
1/18/2019 17:37:05,why does everyone here have a hard-on for being rigorous
1/18/2019 22:09:23,"i once thought mango was corn. i ate the whole cup of cut mango and the entire time i legit thought it was corn. everyone laughed at me when i asked for more corn. i have to tell myself i belong 420 times a day now, but i dont think i can deal with this life anymore."
1/18/2019 23:03:26,Jesus Christ there's is no pain in the world comparable to accidentally cutting the tip of your erect penis with an electric hair trimmer.
1/19/2019 1:10:43,Seriously does anyone paint as a hobby? Trying to find other artistic people.
1/17/2019 15:27:40,Mandelbrot set more like mandelbutt set it looks like dickbutt
1/17/2019 19:28:54,"I have lots of friends, so why the fuck am I always lonely? "
1/17/2019 19:39:45,Does anybody know anyone or has any advice on getting extra time to do a double major?
1/17/2019 21:47:19,"If two people were caught fucking in a lecture hall at night, what disciplinary action should they expect?"
1/17/2019 22:56:00,"Last year I was the nerdiest guy in my high school. But this year, on the Caltech nerd-o-meter, I donâ€™t even register. Should I be alarmed or relieved? "
1/18/2019 0:18:49,"For the love of God, if you're going to eat in class, chew with your mouth closed!"
1/13/2019 5:13:22,"Hey, you... yeah you, the one reading this... lean in... a little bit closer... ok thatâ€™s prolly close enough. I just wanted to say I care about you, wanna see you succeed in life, and I know you can hurdle any challenge in front of you! You can do this, but if you ever need anything Iâ€™m here to help... *cough cough* back to my hard external shell "
1/13/2019 13:57:21,"I don't get how Trump  doesn't realize the government shutdown is bad for our national parks. With no government employees to rake the forest leaves, we are gonna get so many forest fires. "
1/13/2019 15:11:32,"I have a female friend who likes to talk about her open relationships, all the men she's meeting and their cool stories. As an average male who's currently too busy to put in the significantly higher amount of time it takes for men to find sex partners, I wish she would just shut up. "
1/11/2019 9:40:36,I'm really conflicted because on the one hand I really like the meme of YEET but on the other hand it's become super normie. Please help
1/11/2019 19:46:45,"help how does bottoming work, I tried it and it felt enjoyable but my dick was just like ""nah fam suddenly you have no boner""??? like was it just nervous or what"
1/11/2019 21:23:39,I wish Michael Jackson were still alive so I could listen and dance to his music instead of all the shitty rap music that's out there these days.
1/12/2019 0:13:21,"I'm falling in love with my fwb. But I can't commit to a serious relationship right now, I'm at a crossroads in life. So I try to distance myself from them, and it's affecting our friendship."
1/8/2019 15:34:24,boy howdy i sure do love going bald at the ripe old age of 21 ðŸ™ƒ
1/8/2019 20:25:17,How do you know that rhr is completely private? I am scared that someone will know my choices so I do not want to fill it out.
1/8/2019 20:44:05,"I started lifting seriously last year, and after each workout i make my protein smoothie by bringing some powder and telling the guy at Red Door to put it into a banana smoothie. It tasted really good but always gave me stomach troubles, as I am actually lactose intolerant. I endured this for many months because despite the discomfort and the occasional diarrhea, I preferred it to the nasty taste of protein powder in plain water. HOWEVER I RECENTLY DISCOVERED THAT THEY HAVE ALMOND MILK TOO. GLORY TO GOD!!!!!!!!! "
1/8/2019 22:58:21,"After a year and half at caltech, my high school friends have declared that I am a boring nerdy guy. They talk about girls, sports, booze, and buzz and all I can talk about is how hard my sets are"
1/6/2019 21:33:12,I found that working is infinitely more enjoyable than procrastination. Yet I still procrastinate more than I actually do productive work.
1/6/2019 21:55:01,"If UASH doesn't reinstate me (which they probably won't) I won't have a home. My family situation is bad, getting worse. I am currently, not just broke, but in debt. I've tried working, but my mental health is so bad I can't keep a job. If I don't get reinstated, I lose any path I have at getting better. By the time this is posted, I guess I'll already know, but I just really wish things were different."
1/7/2019 10:40:55,At a family dinner over break my dad said something funny. I instinctively began banging my fist on the table like I would do at a house dinner. My family now has more evidence Iâ€™m a weirdo
1/7/2019 14:56:53,Grad school rejections have gotten me down so bad that Iâ€™ve been hooking up with strangers... itâ€™s nice to feel good enough for something
1/7/2019 16:45:38,"I used to be very nice to everyone. Because of this, several people of the opposite sex mistakenly thought that I was into them, which made me feel very awkward. So now I stopped being nice to people of the opposite sex. This is kind of funny, as people I had crushes on and thus was extra nice to were mostly people of the same sex with me but I'm pretty sure none of them suspected anythingâ€¦"
1/6/2019 11:07:47,"I don't usually dance in public, but you'd better believe I'll go all out for ABBA's ""Mamma Mia"" or the Spice Girls' ""Wannabe."""
1/6/2019 13:11:19,"We asian males face a lot of systemic sexual discrimination in society based on damaging stereotypes and stigmas perepetuated by popular culture. I wish we had more buff aesthetic asian guys to counter the hollywood image of nerdy asian wimp who is antisocial and sexually inept.

This reality is disheartening and frustrating for many of us, but i also believe most of us have the wrong attitude about it. Recently i found this copypasta in subtle asian traits lol i thought id share. In short, instead of being bitter and blaming the opposite gender, actually work to counter this stereotype. Especially in a place like caltech.

""<TW: Politically incorrect content>
This is a long rant but as an Asian male, I'm sick and tired of other Asian males bitching and moaning about being incompetitive in the dating pool.

On one hand, yes, us asian males tend to hang out on the bottom end of the desirability pool. Most of us are going to get shit all over on tinder. And yeah, the media systematically tries to emasculate us even while they oversexualize our female counterparts. It sucks, but whoop de fucking doo. Big fucking boo hoo. Our black brothers are getting shot out there for doing literally nothing wrong. Our latino brothers are getting kicked out of their country, the only country they know. Many many people have it MUCH worse than you. Us asian males are statistically likely to be more educated, get lighter sentencing, make more money, etc. We have it so good compared to other minorities, but your overentitled sorry bitchasses come to this bubble of a school and cry about not being served attractive women on a silver platter; yknow, the same way you had your education and relatively easy childhood served on a silver platter.

It sucks but yknow what, those of you who complain the most - the MOST single of you single mofos - most of yall dont do shit to improve your situation. Let me give you some short examples and some tips on how to fix them.

1) fucking be clean. I dont know why the fuck so many traditional asian families dont teach cleanliness, but you need to be fucking clean. Shower every day. Do your fucking laundry. Wear a fresh shirt every day or at least ""rest"" them before you wear them again. Trim your nails. Shave. You and I both know we grow patchy ass spider legs out of our face so fucking get rid of it all every single fucking day. And for the love of god, get your pube situation under control. No woman wants to fucking machete their way through 8 feet of pubes to find 2 inches of dick. Use nonscented deoderant and wear a scent. Seriously, nautica cologne is like 25 bucks on amazon and its decent. If your skin looks like the face of the moon, start taking care of that shit.

2) have a sense of style. Youre not fucking 12 anymore. Free t shirt from your dad's work event, cargo pants/shorts, white crew socks, and your tennis shoes from 10th grade arent going to cut it in the real world. Look around at what other guys - especially the ones that have attractive girlfriends - are wearing and do something similar. Here, ill give you a freebie...v neck solid color shirt, properly fit jeans, and your choice of not-fucking-tennis-shoes-oh-my-god-youre-not-15-anymore. Your free tshirts that youve worn to death that are now full of holes are NOT acceptable. Oh and do something about your hair. You dont need a kpop star hairdo...but your overgrown, unwashed, unstyled generic asian cut isn't exactly helping you get the punanifruit juices flowing.

3) ""oh ya i cant follow step 1 and 2 because I don't have money and my parents wont pay for it"" TF you wait WOT now?!? Bitch you are in COLLEGE. You are a fully legal adult. TF you MEAN your parents wont pay for it. Get your fucking shit together and find your bitch ass a fucking J O B, ya overpriviledged ass never-had-a-hard-day-of-work ass mom-and-dad-pay-for-everything ass mofucka. Lets say the stars align and your crush actually agrees to a date. Tf you gon do, take them to cafe V? Please, in the name of all that is good: THE BISTRO IS NOT AN ACCEPTABLE FIRST DATE SPOT. Please. Please stop. Please. Plus, working will help with the next one...

4) have a fucking PERSONALITY. This one is free.99 so theres literally no excuse to not have one. Learn some jokes, think of some interesting stories, etc. Become a cultured individual. Put down the fucking video games for like 15 minutes a day and read some philosophy, look at some art, learn some pop culture. Seriously, all you fuckers know is your major and video games. You take your date to not-the-bistro and then what? You gonna sit there in silence? Just nod your head every time she tries to engage you because you can recite all 150 original pokemon but you dont know anything about anything else? No you stupid fuck...smile, tell her about yourself, have some shit to talk about, and LISTEN TO WHAT SHE SAYS. ""Hurr durr well ill just find a pretty girl whos also into video games and anime like me"". Do you KNOW how highly demanded those girls are? Even the eh looking ones are highly demanded. You and every other generic asian male is after the tiny, TINY population of anime/gamer chick, PLUS she needs to like you back. Being well cultured makes you much more competitive in that ultra-competitive niche, but it also lets you DIVERSIFY YOUR PORTFOLIO. Yes, by being well cultured, well mannered, friendly, clean, and well dressed, YOU TOO can have a shot at the mystical ABG. Btw Idfk WHY yall have such raging boners for em...you know its literally all just makeup right? Take an ABG swimming...she dives in instagram model and comes out looking night-before-the-SAT

5) swallow your fucking huge ass ego. Jesus fuggin christ idk WHY so many of yall have such big egos but theyre not deserved and theyre a huge turn off. I cant tell you how many times ive wanted to punch an asian dude in the fucking face because their ego was so so so cringeworthy. Be humble. Be sincere. Be genuine. You aint slick and youre not god's gift to man. Youre often wrong, you have flaws, and nobody is obligated to like you. And for fuck's sake, you dont OWN women. Women dont owe you SHIT. Idc how nice you think you are: start assuming that you are a huge asshole and start measuring the impact of your actions and words. Start looking for feedback on how you do things and approach that criticism constructively instead of screaming that youre perfect the way you are. Bitch, the way you are is v SINGLE and that shit wont change if you dont.

6) you uncle chongs need to fucking stop. Youre not white and you never will be, so stop suppressing our black and latino brothers. Theres meaningful and honest dialogue to have about race relations among minorities, but fucking hold me BACK because I SWEAR ima FUQ UP the next clueless asian dickweed who says """"well they deserved to get shot by the cops because [insert typical dickweed reason]"""". Yall are like crabs in a pot...instead of working with each other to escape yall pull each other back into the boiling water and then bitch and moan that things arent getting better for you.

7) get some exercise. Nobody is trying to get impaled on your bony ass. Get some mass and some tone in you. If youre overweight like me, start eating right and do some cardio. You dont need to be a model but you need to show you care at least somewhat.

At the end of the day, theres a good chance your crush is still going to reject you. And thats okay. This is a numbers game. Asian men as a category might be placed lower than everybody else, but you can be the top of your class...that alone is going to do wonders for you. And honestly, we're not too bad when we're done up properly.

If youre a single asian male crying about not finding a partner and you choose not to listen to any of this, your present situation is your own friggin fault and I feel nothing for you. Youre not even an involuntary celibate, youre a voluntary one. You chose this for yourself.

Ladies, if you have more to add please do. I would love to learn something new to try.

Yours in faith,
Anonymous Asian Dude"""
1/6/2019 15:30:54,What do I do if every grad school Iâ€™ve applied to rejects me?
1/5/2019 22:07:04,"When I heard about Right Hand Rule, I thought for a second ""why don't we have that for grad students?"" and then I remembered that we do and it's called Tinder."
1/5/2019 23:00:53,"I signed up for RHR last year but didn't act on it and this year I tried to sign up again, but didn't receive a registration email or a forgot password email. Please help this single dude out."
1/6/2019 0:26:26,"Unpopular opinion right here, but here we go. I hate it when people complain about being unattractive. There is so much you can do. Most people have the potential to look at least decently attractive by common societal standards if they are willing to put in the effort. Its amazing how much of a difference some skincare, a sense of fashion, and a good haircut makes. Donâ€™t wanna be fat? Go to the gym and diet its actually not that hard. Donâ€™t wanna be that skinny nerd? Go to the gym and eat more. Walk with more confidence, fix your posture. "
1/2/2019 21:44:15,Level of loneliness: seriously watchibg my little pony porn because fuck it
1/3/2019 5:02:39,"I'm glad that after spending basically the entire fall term ready to burst into tears at any second from the massive academic and job hunting stress, I was able to spend my entire break at home crying and fighting with my shitty, emotionally abusive family every single day. I can't wait to go back to Caltech, so I can spend 10 weeks struggling and forgetting how terrible home is. But then I remember that I am stuck with this family forever, and it instantly brings me to tears.

I don't believe in God. Sometimes I think about how I am so lucky to have been born into a circumstance that has given me the opportunity to go one of the best colleges in the world. Then I think about how terrible my home life is, and that contrast sometimes makes me think that I was given this familial situation in exchange for my opportunities in life. I know that millions more people have worse home lives and vastly fewer opportunities and that even my situation may be a dream for many. I just truly detest the idea of starting a family one day and having the obligation of my current nuclear family be a part of their lives."
1/1/2019 23:22:44,"I like space slam jams a lot. Of course, I don't think there's anything wrong with that, dead meme and all. It's just that, before Caltech, I had a moderate intake of them--a few slams a day, for the most part. Now I've been listening to them exclusively since literally nothing else gets me through a problem set (besides the soft serve machine in open kitchen). Always had my suspicions that my tastes in music were shot, but at least before here, I'd never considered taking a final to a space jam of the Tetris theme.  "
1/1/2019 23:32:58,"I have a confession to make.  I'm in love.  No, love isn't the right word; it's more like I've been struck with the meaning of life after having met someone who fell straight from heaven.  Before I met this person, the universe was dull and gray.  Now, it is colorful and full of energy and love.  Every waking moment of my life I think of them, and every sleeping moment I dream of them.  I can't live without them...but alas, I do.  I am but a mere dirty smudge in her world, and I feel I am not worthy for more.  If only they could give me some small piece of acknowledgement, like maybe a pair of their pants or something, I can stop making an ass of myself trying to win their approval."
1/2/2019 2:47:51,"The houses need some way to disown alumni so they can't visit anymore. If you're an actively harmful force in the house we shouldn't be letting you back, even if a few people still like you "
12/29/2018 17:29:11,"Back from Christmas break and I don't know how my family lives the way they do. Every day, they eat and they watch TV, then sleep. We barely interact, we just eat and watch TV, then sleep. Maybe look at phone... We are currently gathered round the TV. That's the only thing we do. I'm so bored I'm going nuts! "
12/29/2018 20:59:18,"I thought I wouldn't be seeing too many applications after applying to college, but now there's internships, competitions, and all sorts of other stuff as well. Sure, I probably have terrible time management, but I feel like there are always a ton of deadlines over my head, and I don't know how I'm going to deal with all of this once term starts and academics are thrown back into the mix. The worst part isn't doing all of the applications, it's the stress from wondering if you'll be accepted or rejected. And then I'll inevitably wonder if X person got accepted for Y thing; that's when the feeling of high school comes back in full force.

I hate this."
12/29/2018 21:18:53,Need a good alternative to depression eating and depression drinking that actually works (no one say go on a run lol). Because both have started to get in the way of my studies. Lmao
12/28/2018 3:02:25,"my mental state is a lot better now than it was even a few months ago, and all but one of my closest friendships (and all but two of my overall friendships) died a few months ago, within the same timespan as my mental health getting better. i just wish i was able to tell if my mental state is better because the friendships were unhealthy and them ending helped, or if my mental health improved purely because i basically stopped having friends and i'm a huge introvert. (it definitely doesn't help that i have a total past-and-current-friend sample size of <10 for the entirety of the time i've been alive.) don't get me wrong, i'm still lonely as hell, but loneliness sure feels better than feeling like i'm suffocating from anxiety every single week like i was."
12/28/2018 3:55:36,"I kind of like someone and want to get to know them better but it seems like someone else (n+1) already likes them. It doesn't seem like they're that into them but I don't want to be a jerk, and it's also hard to tell whether they like me at all (we don't know each other well). But I think that could change, if I could find a way to spend time with them, which seems impossible because they're always with their friends. Am I wasting my time?"
12/28/2018 15:55:24,"If I explain special circumstances of family situation that havenâ€™t reached the level of litigation but are still financially serious and consequential, how accomodating do you guys think the Financial aid Office will be? If any of you guys are comfortable talking about personal experiences, itâ€™d be nice to get some advice. Thanks. "
12/27/2018 8:45:02,"What does theoretical research look like? A frosh here trying to understand what the everyday process looks like. How involved are professors when it comes to helping? How disciplined do you have to be? What happens if you donâ€™t get a result? What qualifies for a publication? It seems really intimidating to do theoretical research, especially since I can see myself working on a problem for 3 hours, but I feel like I would be lost if I worked for more than that...
PS. I thought this would be the best place to ask so that I can get responses from people from different houses and different majors. Thanks in advance to those who do!"
12/27/2018 12:12:44,"One of the reasons why I chose to go to Caltech is the House system. Originally, I viewed the House system favorably, since the system claims to combine the best elements of fraternities and dormitories. However, my experiences in the House system have not generally been positive. I ranked my House fifth during Rotation, and for this reason, I had the feeling from day one that I would not make it into the in-crowd. Sure enough, starting from the moment the cannon fired, most of my social interactions in the House led to my being relegated to the out-crowd, despite my efforts to not end up in the out-crowd. I drifted slowly but steadily away from my House in my first two years at Tech, despite living in my House throughout that time and participating in most of the House events I was able to. I chose to live in Bechtel this year precisely because I felt like an outsider in my House during that time (Iâ€™ve done a really good job convincing myself and others to believe the lie that there are other reasons why I chose to live in Bechtel this year).
I think that the in-crowd/out-crowd divide is a consequence of the House system, and Iâ€™m surprised very few students have spoken out about it already. I think the divide is a consequence of the House system because it is not only something that occurs in my House (I have experienced it firsthand and I have seen it play out among my housemates), but also something that occurs in other Houses (I have made many observations with students in other Houses that are consistent with this belief).
Members of the in-crowd are supported socially by most other members of the House. They get recognition within the House for being good examples of what members of the House should strive to be (whatever â€œgoodâ€ means). They run in House elections and covet the positive social attention House positions draw to them. They always stay in the know about whatâ€™s going on in the House even without official announcements. They love living in the House, and most remain on-campus for all of their time at Tech. And their friend groups tend to line up nicely with respect to House boundaries.
On the other hand, members of the out-crowd have no choice but to fend for themselves. They donâ€™t get recognition within the House for being good examples of what members of the House should strive to be, and many of them are never mentioned within House circles except perhaps occasionally in passing. They donâ€™t run in House elections because they know they have no chance whatsoever of winning House positions. When official announcements arenâ€™t made, they sometimes donâ€™t know whatâ€™s going on in the House because unfortunately, people canâ€™t read minds. They tend to not love living in the House, often for legitimate reasons (board is too expensive/not accommodating enough, rooms in the House are too loud, etc.), and most move off-campus at some point after frosh year. And their friend groups tend to be very fragmented in terms of House representation.
On the whole, I like my House specifically and the House system as a whole. But in practice, the House system leads to a sharp divide between the in-crowd and the out-crowd. It shouldnâ€™t be that wayâ€”there shouldnâ€™t be an out-crowd in the first place, and every member of the House should feel as welcome to participate in House events as every other member does. The one major regret I know Iâ€™m going to have when I graduate from Tech is that I didnâ€™t make it into the in-crowd of my House, and itâ€™s something I think about more and more these days as my time at Tech passes by."
12/27/2018 18:36:53,How does this campus give Feynman such hero worship given his history of blatant sexism and domestic violence?
12/27/2018 20:14:21,"Please, I need help. How do I pay for Caltech now that my parents have rescinded all financial support for me? I'm receiving finaid from tech but it's not enough. My family has already had to take out a great deal of money in loans, and we're at our financial limit. Following some of my own academic complications, my parents don't want me to continue going to this school. They've said that if I want to continue attending Caltech, then I have to find some way to pay for it myself. Honestly, it's their decision what to do with their hard-earned money. And they don't view me as a reliable 'investment' anymore. I'd rather pay for Caltech myself. The issue is I have no idea how I'm going to obtain such a large amount of money to fund the rest of my time here..."
12/23/2018 17:44:45,I was in a long distance relationship for the past couple months with a girl I dated in high school. I really like her she's pretty perfect and I thought that it would work out between us. But I have so much things to do in Caltech and had no time to put into our relationship so I broke up with her before finals. I feel bad but our relationship seemed pointless when we had nothing in common in different colleges. Thoughts?
12/23/2018 17:49:26,"theres a song i really like but the album cover image or whatever is a sexualized anthro MLP pony (who i think is a child in the show?)

caltech, am i good? (and also is there a way to replace the album art on spotify?)"
12/23/2018 21:46:58,When I go home all of my friends and family call me â€œthe geniusâ€ or â€œthe smart oneâ€ and expect that Iâ€™m getting straight Aâ€™s like I did in highschool. It makes it really hard to be honest with them about school because I am struggling and theres no way I am still getting Aâ€™s here. They all think so highly of me and I feel like Iâ€™m letting them down with my subpar academic performance.
12/23/2018 22:21:21,"Today, I had to explain to a very close friend of mine why it's not okay to keep pressuring a girl to have sex with him despite him getting signs that she's uncomfortable with the situation. I understand that there are definitely clueless people out there but I never thought it would be someone so close to me, you know? Heck, it would have been better if he DIDN'T notice that she was uncomfortable. He KNEW and yet he kept on going. Thank god she was nice about it, told him (despite it being after the fact), and ended things with him (good for her), but I just can't help but see this friend of mine in a different light after this incident. "
12/23/2018 23:25:49,Anyone have experience starting a relationship with someone off campus they didnâ€™t know before coming here? Met this girl but sheâ€™s about 45 min away and Iâ€™m not sure if Iâ€™m crazy to just go for it or if itâ€™ll ruin things for me here
12/24/2018 4:08:40,"When does it finally become acceptable to kill yourself? I'm by far the most pathetic I know in all facets of life. I'm physically repulsive, socially retarded, kinda stupid, and honestly I just dont know how much longer I can handle it. I try, I really do, but nothing ever works out. Everyone around me seems to be making progress in at least some area of their lives, while I'm just standing by hoping that one day I'll finally get hit by a car. I'm tired of disappointing everyone. I'm tired of being a loser. "
12/20/2018 22:31:22,"I just found out I'm pregnant. It's definitely my ex's. I'm not keeping it. Do I still have a moral obligation to tell him about it? We broke up a couple months ago and I think he just started seeing someone new. I'm worried that telling him will just add unnecessary drama to his life and his new relationship, but keeping it secret also seems wrong."
12/21/2018 0:54:13,"I legally have a micropenis. I always lightheartedly tell people I have a micropenis because I want it to seem like a joke. That way if a girl ever tells someone about it, they'll think it's still people joking around"
12/21/2018 8:41:44,"do grad students and profs get copies of tqfrs/feedback reports? if anyone needs
to read those, its them since people not taking a class wont do anything to the instructor esp if its a req class"
12/21/2018 9:12:56,"Team projects at Caltech are a total disappointment. When I called out someone for not doing any productive work in my team, that person got all mad and defensive (their actions seemed to suggest they lost their mind) and stopped communicating with me entirely instead of addressing their â€‹own â€‹lack of work. Why canâ€™t people do the work theyâ€™re supposed to do in a team environment and stop getting mad at those who carry them through the classâ€‹ (they should at least be grateful for those who are carrying them)â€‹?"
12/21/2018 9:58:23,I think the seniors' class gift should be to fill the hole in the brick walkway on the northeast corner outside of fleming with an actual brick. it can say 'class of 2019' and everything.
12/21/2018 11:30:56,"""By popular demand (?), there will be no TQFR meme today, just this boring text reminder to please submit your surveys. ""
This is among the saddest things read in some time. Does this mean Registrar reads confessions? Well you know what, you do you, registrar! Let these people drop out if they care so much about the memes."
12/20/2018 15:31:18,I donâ€™t understand imposters syndrome. Some people are actually so stupid. Do you really think you donâ€™t belong when those fools thing they do?
12/20/2018 15:32:02,I (censored) a goat at my family farm
12/20/2018 16:04:07,"~15 year alum here.Hooked up with a girl I know through a joined hobby. She said she liked me for a while, but didn't say so because she didn't want me to think she wanted me for my money. Took me a min of confusion to remember that yeah my  stocks are worth a few million now, and I own my own condo, so in said social group I'm by far the richest person.
Where did the time go? where did the money come from? I'm still a poor college student struggling to get B's at heart
Anyway, I guess what I want to say is that (financially) it gets so much easier  after Tech. B's in Tech means major expert outside effort-wise. but socially it's get a bit weird"
12/20/2018 18:11:21,"Im bi. I donâ€™t think I could date anyone of my same gender though because it wouldnâ€™t be able to go anywhere. My family would never approve, and I love my family. I know theyâ€™d never accept it and I wouldnâ€™t want to lose them. "
12/20/2018 18:35:32,"It feels like everyone around me is dating someone, and I'm always the single one. Friend groups at school, friend groups at home, even my siblings. I've gone through the whole ""you gotta love yourself thing""; I'm great at that, I've been keeping up with my hobbies, and I've been putting a lot of work into improving myself. I can keep myself occupied all day. But none of that changes what I feel as I go to bed, which is complete and utter loneliness.

What's the point of going on if you don't have a meaningful impact in others' lives? Sure, I have some good platonic friendships, but none of those people are gonna wake up or go to sleep and think of me. If you only live for yourself, does your life really have meaning? I just wish I knew how to stop feeling so god damn lonely.

I've gotten close a few times, but things always go wrong. I rarely feel a connection with the people that are into me, and the ones that I do feel a connection with just end up ghosting me. Could I be the problem? Are my standards just too high? Am I just doomed to be alone forever? I just want someone to care about me as much as I care about them.

Any advice would be nice, there's nothing like recognizing an oncoming depressive break and not knowing how to get out of the way."
12/20/2018 0:44:04,"I'm behind for health reasons and I know I won't graduate by the end of my senior year. Every term I hear people complain about unit/unit posts making them feel insecure and I feel weird because the people complaining aren't more behind than I am. I'm not ashamed to not graduate in 4 years or to take extensions past the end of term late once in a while on one hand. But on the other I hate the idea of people who don't know me assuming my competence or intelligence. Some people talk about their incomplete units anyway, I guess I'm not brave like that. Cheers to you if you are though. Good job and congratulations if you do finish on time, and lastly for the ones who are behind like me and feel bad-or-weird when the unit posts roll around: you're also doing a good job and I'm proud of us even if we struggle sometimes."
12/20/2018 1:25:28,"I donâ€™t understand posts on this page where people are like Caltech is shitty but at least people here are great wouldnâ€™t get through it without them. Iâ€™ve consistently felt like the people here are really shitty, awful, and toxic. I feel like the main reason Iâ€™ve had a hard time here is the people."
12/18/2018 21:53:07,"I've been depressed/anxious(/who knows what else, I probably have a few personality disorders in there) for so long that I don't think I even have a personality outside of my brain problems anymore. That's especially true about the personality disorders, since, yknow, it's in the name. That said, I've been high-functioning for an equally long time, so nobody actually notices that I'm any of these things. The closest anyone has come was when someone in middle school noticed I was never in the cafeteria - which was right, I ate lunch in the bathroom then - but even my own parents haven't noticed anything. That's by design, but still.

I don't know. I legitimately don't think therapy would be helpful for me in any way whatsoever, since every time I read literal DBT/CBT  (I know, they're different, I'be looked at both) questions I roll my eyes. I have literally no reason to be all of these things, since my childhood was fine and I've never experienced a traumatic event in my whole life, so I can't help but think it's my own fault anyway. God knows the counseling center is packed as it is so the idea of taking someone's spot if they're in a legitimately rougher place (which is 100% likely, given that I'm not in a rough place at all) isn't something I want to do. And I can hide it fine enough, so nobody knows unless I've explicitly told them, which is as it should be, since pretty much all my relationships with people who did know have all long since ended.

I don't know. What the fuck is the point of trying to get better when the best I can hope for is to not hurt people with my shittier tendencies?"
12/17/2018 20:57:41,I spent more time than necessary wondering how long it took (will take?) for every room in Bechtel to become the site of a sexual act. Including the public spaces.
12/17/2018 21:22:48,Happy winter break everyone!!
12/18/2018 0:17:50,"How the hell do people spend their breaks? I have a terrible relationship with my family so we all despise spending time with each other (or at least I do). I also had a disgustingly bad term. I just want to relax, but I just spend every day of my break being emotionally destroyed even further by these horrible people around me. Seasonal depression has also been really getting to me, and I just can't motivate myself to drive somewhere because it's so gloomy outside. I just want to spend one break where I'm not praying for someone to step on my throat."
12/18/2018 2:21:25,"really wish i could go back to being the silent smart kid like i was in middle school but nope, now i'm just a talkative dumbass with one singular brain cell who would be way better off dead. at least that way i could stop myself from being so fucking annoying all the time."
12/18/2018 8:09:32,I don't feel safe walking around campus at night. I feel like getting between bechtel/avery/annenberg to chandler is pretty sketch. I'm not sure how to fix it but wish there was something to do. The parking lot between annenberg and chandler is weird and creepy and walking around by keck toward bechtel is just so dead and sometimes there are homeless people sleeping in the entrance of the building next to jorgenson.  Hill is equally as sketch at night at there are raccoons and possums. Has anyone found good ways to make this not creepy other than the buddy system? Is there anything we could do?
12/18/2018 8:10:20,The more time I spend at Tech the more I feel like the house system is built for the frosh. It seems stupid to not have all the frosh in the houses. They should just make bechtel a upperclassmen only residence
12/15/2018 18:20:17,"I absolutely adore the workers at the Braun Athletic Center, they're always so nice and encouraging when I go, calling me by name and acting like true homies ðŸ˜¤ðŸ‘ðŸ’¯"
12/16/2018 7:16:37,"I feel like like the Asian population at caltech is really racist. People here constantly excuse really fd up shit. Itâ€™s not really a problem Iâ€™ve experienced with Asian people Iâ€™ve met elsewhere, other schools, internships, etc, just at caltech. "
12/16/2018 22:10:34,"Women tend to get the impression that I'm a nice, wholesome individual only to discover later, to their extreme disappointment, that I am extremely weird and mentally ill. It's really emotionally painful for me to disappoint people like this. I don't try to put on a mask, I'm just me the whole time. I'm considering getting a face tattoo so this doesn't happen again. "
12/16/2018 22:41:37,"Is it possible to still be successful after failing a class here? I think I just failed a class and Iâ€™m so freaked out that I donâ€™t even know what to do. I have so many goals and so many things I know I can accomplish throughout the next few years here but right now Iâ€™m worried I wonâ€™t be able to do any of it. Worst thing is that I donâ€™t even know where I fucked up - I put in time and effort into the class but I still ended up doing poorly because I just donâ€™t know the topic well enough, and I feel like talking to the prof wonâ€™t do any good. Idk what to do "
12/13/2018 0:48:37,"So I filled out the Ph 11 hurdles and turned them in on a whim and I got admitted! Now, I'm sitting here and half of me is excited and the other half is petrified. I keep having this nightmare that the class will be full of would-be Feynmans and I'll be one person who doesn't belong. I don't know.. the whole thing just seems a bit intimidating. "
12/13/2018 1:51:37,"I didnâ€™t pick up any of my sets, quizzes, or midterms as a frost this term. The only grades I looked at were midterm reports and the grades posted on Moodle for Chem 3X. Pretty sure I passed everything though"
12/13/2018 1:51:48,"every time i see the huge cans of yams and corn on the booty house free table, i just want to take them and stick my dick in them."
12/13/2018 1:58:25,i want to stage an intervention for my friend's debilitating croc sandals and socks habit but im afraid he will come to my room in the middle of the night and hide a banan a in my room where i wont find it until i'm moving out at the end of the year to find that it has decomposed all over my belongings. what should i do?
12/13/2018 4:46:06,"I don't feel anything. It's as simple as that. I used to be really sad and selfdepricating, and now it's just nothing. I don't know how to help myself, nor do I feel motivated to want to."
12/13/2018 10:18:56,"If I could get away with it, I would post answer keys with the sentence â€œthe solution is trivial and left to the readerâ€"
12/13/2018 13:39:48,"I am a CS major with an above 4 GPA that applied to 10 jobs and did not get a single one. I am so embarrassed to tell people this because all my friends are under the impression that I am really â€œsmartâ€, and everyone just assumes Iâ€™m getting all these jobs. It hurts every time people come up to me to ask â€œwhat are you doing next summerâ€, and I have to tell them Iâ€™ve got nothing. Life fucking sucks. "
12/13/2018 15:30:24,"I find an odd mutual exclusivity at Caltech. The individuals I met who are the most helpful and supportive in an academic environment are smart, yes, and some of the hardest working I know, but they have not been the brightest of Caltech. The brightest stars in the student community have been the least helpful. They don't make themselves accessible to the community, they create an elite group within students of their kind. Administration and faculty notice these students and exacerbate the problem by keeping opportunities exclusive to these students and, therefore, prohibiting access to other students. And this problem exists since the first year of undergraduate. Students who enter with a silver spoon of opportunities become part of this elite community and then have opportunities thrown at them by Caltech. Students who had to work their asses off to get to Caltech, who did not have backgrounds that make them exclusive at Caltech (econ, race, geo, rare opportunities in high school, highly rewarding scholarships that they can't qualify for because of factors beyond their control) have to work ten times harder for even the opportunity to hear what the exclusive community of students can hear. These would be the best students to give extraordinary opportunities because these are the students who amplify the talent of those around them. Their talent allows them to receive knowledge, but their selflessness allows them to disseminate knowledge to raise a whole community. Most of us are diamonds in the rough. We came into Caltech to become the shiniest possible diamonds ever. We listened to the advice of the administration: we asked for help, we went to office hours, we sent the emails, we talked and networked with whoever would talk to us, we used the career development center, we did SURFs, we sought everything thrown to us. Yet we will most likely leave with several of our original dark spots, and the shiny diamonds will leave shinier. You don't have to deprive them of opportunities to be shinier. But let us have our chance to become the same as them."
12/13/2018 19:13:46,"I'm in my first real relationship and I've realized I'm not that physically attracted to him. He's an awesome person and not ugly at all but he's so plain and his body doesn't do anything for me. I always imagined my college relationship would be full of sex but we barely do it now unless I'm feeling particularly guilty that day, and even when we do I can't stop imagining those buff guys I see at Braun on top of me instead which makes me feel even worse. Should I be blaming myself so much for this? What should I do? "
12/14/2018 1:23:39,I want this term to be over but I don't want to leave. I wish I just had a few days to catch my breath and relish being here without drowning.
12/14/2018 8:31:25,"When I first started Caltech, the abuse of the word ""trivially"" annoyed me. Now I use it to flex on frosh"
12/14/2018 9:59:37,My favorite point in the term is when all of your work is turned it but your grades havenâ€™t been posted yet so they just exist in a superpositioned state between all Aâ€™s and all Fâ€™s
12/12/2018 2:29:16,I still don't know what snake kits are and at this point I'm too afraid to ask
